episode/Q-Error,epoch,step
0.025160348042845726,0,49
0.01815718412399292,0,99
